2025-08-11 12:59:59,coverage_percent,32
2025-08-11 13:46:22,coverage_percent,41
2025-08-11 14:29:11,coverage_percent,44
2025-08-11 16:08:33,coverage_percent,60
2025-08-11 16:13:36,coverage_percent,60
2025-08-11 16:31:52,coverage_percent,63
2025-08-11 16:45:31,coverage_percent,65
2025-08-12 11:51:50,coverage_percent,71
2025-08-12 11:53:41,coverage_percent,71
2025-08-12 11:58:35,coverage_percent,71
2025-08-12 12:01:07,coverage_percent,71
2025-08-12 12:06:03,coverage_percent,71
2025-08-12 12:11:48,coverage_percent,71
2025-08-12 12:14:12,coverage_percent,71
2025-08-12 12:16:59,coverage_percent,71
2025-08-12 13:14:00,coverage_percent,71
